<?xml version="1.0"?>
<opencv_storage>
<stage8>
  <maxWeakCount>10</maxWeakCount>
  <stageThreshold>-1.5835064649581909e+00</stageThreshold>
  <weakClassifiers>
    <_>
      <internalNodes>
        0 -1 502932 2.5386102497577667e-02</internalNodes>
      <leafValues>
        -8.0380380153656006e-01 -2.8571429848670959e-01</leafValues></_>
    <_>
      <internalNodes>
        0 -1 118026 -2.5508324615657330e-03</internalNodes>
      <leafValues>
        1.7151559889316559e-01 -4.8335233330726624e-01</leafValues></_>
    <_>
      <internalNodes>
        0 -1 397748 8.6318235844373703e-03</internalNodes>
      <leafValues>
        -3.3580154180526733e-01 3.6659872531890869e-01</leafValues></_>
    <_>
      <internalNodes>
        0 -1 437392 7.8364764704019763e-06</internalNodes>
      <leafValues>
        -3.3672153949737549e-01 3.0376464128494263e-01</leafValues></_>
    <_>
      <internalNodes>
        0 -1 4218 3.1014075502753258e-02</internalNodes>
      <leafValues>
        -2.9498627781867981e-01 3.4686711430549622e-01</leafValues></_>
    <_>
      <internalNodes>
        0 -1 2084 -1.2490384280681610e-02</internalNodes>
      <leafValues>
        6.9101566076278687e-01 -1.2945978343486786e-01</leafValues></_>
    <_>
      <internalNodes>
        0 -1 407071 -5.8908783830702305e-04</internalNodes>
      <leafValues>
        -7.2361826896667480e-01 1.5127553045749664e-01</leafValues></_>
    <_>
      <internalNodes>
        0 -1 458049 -9.7612291574478149e-04</internalNodes>
      <leafValues>
        3.5489022731781006e-01 -2.7549812197685242e-01</leafValues></_>
    <_>
      <internalNodes>
        0 -1 509412 1.4287885278463364e-04</internalNodes>
      <leafValues>
        1.6957271099090576e-01 -5.8241820335388184e-01</leafValues></_>
    <_>
      <internalNodes>
        0 -1 172891 -5.7004777772817761e-05</internalNodes>
      <leafValues>
        3.2763040065765381e-01 -3.0755120515823364e-01</leafValues></_></weakClassifiers></stage8>
</opencv_storage>
