<?xml version="1.0"?>
<opencv_storage>
<stage6>
  <maxWeakCount>8</maxWeakCount>
  <stageThreshold>-1.7637220621109009e+00</stageThreshold>
  <weakClassifiers>
    <_>
      <internalNodes>
        0 -1 161838 -6.9850862026214600e-02</internalNodes>
      <leafValues>
        -2.5821596384048462e-01 -8.4255319833755493e-01</leafValues></_>
    <_>
      <internalNodes>
        0 -1 482743 2.5289487093687057e-02</internalNodes>
      <leafValues>
        -5.2347105741500854e-01 2.8191572427749634e-01</leafValues></_>
    <_>
      <internalNodes>
        0 -1 232709 1.0100523941218853e-03</internalNodes>
      <leafValues>
        1.2100586295127869e-01 -8.1878507137298584e-01</leafValues></_>
    <_>
      <internalNodes>
        0 -1 425337 7.8957770019769669e-03</internalNodes>
      <leafValues>
        1.4196585118770599e-01 -9.0161138772964478e-01</leafValues></_>
    <_>
      <internalNodes>
        0 -1 214 1.5105071943253279e-03</internalNodes>
      <leafValues>
        -3.1215047836303711e-01 3.3097660541534424e-01</leafValues></_>
    <_>
      <internalNodes>
        0 -1 485189 5.4152600932866335e-04</internalNodes>
      <leafValues>
        1.9072063267230988e-01 -6.1268633604049683e-01</leafValues></_>
    <_>
      <internalNodes>
        0 -1 477617 -7.0984347257763147e-04</internalNodes>
      <leafValues>
        -6.6248792409896851e-01 1.5769954025745392e-01</leafValues></_>
    <_>
      <internalNodes>
        0 -1 372537 -2.2599791918764822e-05</internalNodes>
      <leafValues>
        1.2324829399585724e-01 -7.6338970661163330e-01</leafValues></_></weakClassifiers></stage6>
</opencv_storage>
