<?xml version="1.0"?>
<opencv_storage>
<stage12>
  <maxWeakCount>11</maxWeakCount>
  <stageThreshold>-1.6568382978439331e+00</stageThreshold>
  <weakClassifiers>
    <_>
      <internalNodes>
        0 -1 290088 -3.6457718815654516e-03</internalNodes>
      <leafValues>
        -8.8235296308994293e-02 -7.7511519193649292e-01</leafValues></_>
    <_>
      <internalNodes>
        0 -1 328297 -5.2211629226803780e-03</internalNodes>
      <leafValues>
        7.1352697908878326e-02 -5.0366538763046265e-01</leafValues></_>
    <_>
      <internalNodes>
        0 -1 112864 -5.1164580509066582e-04</internalNodes>
      <leafValues>
        4.6695780754089355e-01 -1.9137865304946899e-01</leafValues></_>
    <_>
      <internalNodes>
        0 -1 503566 -2.7911483775824308e-03</internalNodes>
      <leafValues>
        5.2593398094177246e-01 -1.6358684003353119e-01</leafValues></_>
    <_>
      <internalNodes>
        0 -1 491913 1.5377759700641036e-04</internalNodes>
      <leafValues>
        -4.5461547374725342e-01 2.2960993647575378e-01</leafValues></_>
    <_>
      <internalNodes>
        0 -1 509875 -5.9873610734939575e-03</internalNodes>
      <leafValues>
        -4.4958880543708801e-01 2.4749347567558289e-01</leafValues></_>
    <_>
      <internalNodes>
        0 -1 500089 -1.4201777521520853e-03</internalNodes>
      <leafValues>
        4.3157196044921875e-01 -2.5683766603469849e-01</leafValues></_>
    <_>
      <internalNodes>
        0 -1 474122 6.9933689701429103e-06</internalNodes>
      <leafValues>
        -2.5543513894081116e-01 3.7963306903839111e-01</leafValues></_>
    <_>
      <internalNodes>
        0 -1 1927 -1.1400738731026649e-03</internalNodes>
      <leafValues>
        5.4975247383117676e-01 -1.9502708315849304e-01</leafValues></_>
    <_>
      <internalNodes>
        0 -1 403491 6.4611742272973061e-03</internalNodes>
      <leafValues>
        1.5392842888832092e-01 -6.8868851661682129e-01</leafValues></_>
    <_>
      <internalNodes>
        0 -1 459367 3.0682052602060139e-04</internalNodes>
      <leafValues>
        9.1921754181385040e-02 -7.6754713058471680e-01</leafValues></_></weakClassifiers></stage12>
</opencv_storage>
