<?xml version="1.0"?>
<opencv_storage>
<stage5>
  <maxWeakCount>9</maxWeakCount>
  <stageThreshold>-1.7688921689987183e+00</stageThreshold>
  <weakClassifiers>
    <_>
      <internalNodes>
        0 -1 81768 -2.5496255606412888e-02</internalNodes>
      <leafValues>
        -2.0000000298023224e-01 -8.1763529777526855e-01</leafValues></_>
    <_>
      <internalNodes>
        0 -1 1509 1.2669607996940613e-02</internalNodes>
      <leafValues>
        -5.9883981943130493e-01 1.1758511513471603e-01</leafValues></_>
    <_>
      <internalNodes>
        0 -1 489410 4.5163971371948719e-03</internalNodes>
      <leafValues>
        -2.7664119005203247e-01 4.6349507570266724e-01</leafValues></_>
    <_>
      <internalNodes>
        0 -1 417534 -7.3507785600668285e-06</internalNodes>
      <leafValues>
        3.3271959424018860e-01 -3.6992672085762024e-01</leafValues></_>
    <_>
      <internalNodes>
        0 -1 381354 -3.3875936642289162e-03</internalNodes>
      <leafValues>
        4.6512854099273682e-01 -2.4422422051429749e-01</leafValues></_>
    <_>
      <internalNodes>
        0 -1 440255 -1.5126401558518410e-03</internalNodes>
      <leafValues>
        -8.8657206296920776e-01 1.8976792693138123e-01</leafValues></_>
    <_>
      <internalNodes>
        0 -1 198300 -4.6140039339661598e-03</internalNodes>
      <leafValues>
        7.1272039413452148e-01 -2.2784528136253357e-01</leafValues></_>
    <_>
      <internalNodes>
        0 -1 268404 5.9508318081498146e-03</internalNodes>
      <leafValues>
        -2.3576147854328156e-01 4.6497264504432678e-01</leafValues></_>
    <_>
      <internalNodes>
        0 -1 10634 -4.0418384596705437e-03</internalNodes>
      <leafValues>
        7.0110309123992920e-01 -1.2835182249546051e-01</leafValues></_></weakClassifiers></stage5>
</opencv_storage>
