<?xml version="1.0"?>
<opencv_storage>
<stage7>
  <maxWeakCount>8</maxWeakCount>
  <stageThreshold>-1.6130657196044922e+00</stageThreshold>
  <weakClassifiers>
    <_>
      <internalNodes>
        0 -1 87860 2.1664872765541077e-01</internalNodes>
      <leafValues>
        -7.7597111463546753e-01 2.6086956262588501e-01</leafValues></_>
    <_>
      <internalNodes>
        0 -1 148098 4.4816043227910995e-03</internalNodes>
      <leafValues>
        -5.9646010398864746e-01 1.5345139801502228e-01</leafValues></_>
    <_>
      <internalNodes>
        0 -1 391694 -2.0938131492584944e-03</internalNodes>
      <leafValues>
        -6.7464131116867065e-01 1.4823660254478455e-01</leafValues></_>
    <_>
      <internalNodes>
        0 -1 27567 1.8614748842082918e-04</internalNodes>
      <leafValues>
        1.6507764160633087e-01 -7.2593057155609131e-01</leafValues></_>
    <_>
      <internalNodes>
        0 -1 30861 -4.8953492660075426e-04</internalNodes>
      <leafValues>
        -5.9982788562774658e-01 1.5657806396484375e-01</leafValues></_>
    <_>
      <internalNodes>
        0 -1 459398 1.3649196262122132e-05</internalNodes>
      <leafValues>
        -4.1968300938606262e-01 2.8574997186660767e-01</leafValues></_>
    <_>
      <internalNodes>
        0 -1 31060 -1.2623631628230214e-03</internalNodes>
      <leafValues>
        -8.5855597257614136e-01 1.1774960905313492e-01</leafValues></_>
    <_>
      <internalNodes>
        0 -1 171475 -3.1647250056266785e-02</internalNodes>
      <leafValues>
        3.7129446864128113e-01 -2.9114842414855957e-01</leafValues></_></weakClassifiers></stage7>
</opencv_storage>
