<?xml version="1.0"?>
<opencv_storage>
<stage2>
  <maxWeakCount>7</maxWeakCount>
  <stageThreshold>-1.4092969894409180e+00</stageThreshold>
  <weakClassifiers>
    <_>
      <internalNodes>
        0 -1 462610 -9.3598246574401855e-02</internalNodes>
      <leafValues>
        1.4074073731899261e-01 -8.5068762302398682e-01</leafValues></_>
    <_>
      <internalNodes>
        0 -1 265386 -5.7797554880380630e-02</internalNodes>
      <leafValues>
        3.1787618994712830e-01 -6.1210006475448608e-01</leafValues></_>
    <_>
      <internalNodes>
        0 -1 182499 1.1491687968373299e-02</internalNodes>
      <leafValues>
        1.6984438896179199e-01 -9.8940676450729370e-01</leafValues></_>
    <_>
      <internalNodes>
        0 -1 469075 2.7375956415198743e-04</internalNodes>
      <leafValues>
        1.6804781556129456e-01 -8.9540904760360718e-01</leafValues></_>
    <_>
      <internalNodes>
        0 -1 428700 6.2445219373330474e-04</internalNodes>
      <leafValues>
        1.4421333372592926e-01 -8.7386482954025269e-01</leafValues></_>
    <_>
      <internalNodes>
        0 -1 372524 -3.5837185569107533e-03</internalNodes>
      <leafValues>
        -9.2906421422958374e-01 1.1523585021495819e-01</leafValues></_>
    <_>
      <internalNodes>
        0 -1 147371 1.7919134348630905e-02</internalNodes>
      <leafValues>
        -3.0677309632301331e-01 5.1960617303848267e-01</leafValues></_></weakClassifiers></stage2>
</opencv_storage>
