<?xml version="1.0"?>
<opencv_storage>
<stage4>
  <maxWeakCount>9</maxWeakCount>
  <stageThreshold>-1.4303901195526123e+00</stageThreshold>
  <weakClassifiers>
    <_>
      <internalNodes>
        0 -1 199563 2.6326287537813187e-02</internalNodes>
      <leafValues>
        -8.3583581447601318e-01 -7.7922075986862183e-02</leafValues></_>
    <_>
      <internalNodes>
        0 -1 10833 -3.1069815158843994e-02</internalNodes>
      <leafValues>
        4.2034640908241272e-01 -5.1103383302688599e-01</leafValues></_>
    <_>
      <internalNodes>
        0 -1 381348 -2.8609426226466894e-03</internalNodes>
      <leafValues>
        4.8726451396942139e-01 -2.6373809576034546e-01</leafValues></_>
    <_>
      <internalNodes>
        0 -1 71499 -7.0006512105464935e-03</internalNodes>
      <leafValues>
        7.8995507955551147e-01 -1.6353216767311096e-01</leafValues></_>
    <_>
      <internalNodes>
        0 -1 478016 -7.4875950813293457e-02</internalNodes>
      <leafValues>
        5.5611819028854370e-01 -2.4006257951259613e-01</leafValues></_>
    <_>
      <internalNodes>
        0 -1 354635 2.0029451698064804e-03</internalNodes>
      <leafValues>
        1.6178889572620392e-01 -9.0781420469284058e-01</leafValues></_>
    <_>
      <internalNodes>
        0 -1 146835 -5.1522878929972649e-03</internalNodes>
      <leafValues>
        4.7939595580101013e-01 -2.7407473325729370e-01</leafValues></_>
    <_>
      <internalNodes>
        0 -1 155739 -2.0509772002696991e-02</internalNodes>
      <leafValues>
        -9.0455979108810425e-01 1.4951969683170319e-01</leafValues></_>
    <_>
      <internalNodes>
        0 -1 506419 4.0017971768975258e-03</internalNodes>
      <leafValues>
        -2.0442408323287964e-01 6.7383980751037598e-01</leafValues></_></weakClassifiers></stage4>
</opencv_storage>
