<?xml version="1.0"?>
<opencv_storage>
<stage3>
  <maxWeakCount>7</maxWeakCount>
  <stageThreshold>-1.5347028970718384e+00</stageThreshold>
  <weakClassifiers>
    <_>
      <internalNodes>
        0 -1 117441 6.6727414727210999e-02</internalNodes>
      <leafValues>
        -8.1749051809310913e-01 1.2871287763118744e-01</leafValues></_>
    <_>
      <internalNodes>
        0 -1 1634 4.8800744116306305e-03</internalNodes>
      <leafValues>
        -5.8331370353698730e-01 2.4756544828414917e-01</leafValues></_>
    <_>
      <internalNodes>
        0 -1 95638 8.2508847117424011e-02</internalNodes>
      <leafValues>
        1.2707607448101044e-01 -9.6565228700637817e-01</leafValues></_>
    <_>
      <internalNodes>
        0 -1 39960 1.7719268798828125e-03</internalNodes>
      <leafValues>
        -2.5886553525924683e-01 6.2211573123931885e-01</leafValues></_>
    <_>
      <internalNodes>
        0 -1 62782 -6.1986416578292847e-02</internalNodes>
      <leafValues>
        -7.5814074277877808e-01 2.5349336862564087e-01</leafValues></_>
    <_>
      <internalNodes>
        0 -1 363089 -4.1666044126031920e-05</internalNodes>
      <leafValues>
        1.7273308336734772e-01 -7.0894759893417358e-01</leafValues></_>
    <_>
      <internalNodes>
        0 -1 499266 -1.2528205290436745e-02</internalNodes>
      <leafValues>
        6.3376480340957642e-01 -2.9768285155296326e-01</leafValues></_></weakClassifiers></stage3>
</opencv_storage>
