<?xml version="1.0"?>
<opencv_storage>
<stage10>
  <maxWeakCount>10</maxWeakCount>
  <stageThreshold>-1.5529431104660034e+00</stageThreshold>
  <weakClassifiers>
    <_>
      <internalNodes>
        0 -1 77007 8.4840431809425354e-03</internalNodes>
      <leafValues>
        -7.6660680770874023e-01 1.7948718369007111e-01</leafValues></_>
    <_>
      <internalNodes>
        0 -1 348785 -6.9933689701429103e-06</internalNodes>
      <leafValues>
        8.2816518843173981e-02 -4.8910865187644958e-01</leafValues></_>
    <_>
      <internalNodes>
        0 -1 275501 2.7540570590645075e-03</internalNodes>
      <leafValues>
        9.9779844284057617e-02 -8.1728106737136841e-01</leafValues></_>
    <_>
      <internalNodes>
        0 -1 381427 -8.4954954218119383e-04</internalNodes>
      <leafValues>
        5.1653373241424561e-01 -1.7682346701622009e-01</leafValues></_>
    <_>
      <internalNodes>
        0 -1 443922 9.7865555435419083e-03</internalNodes>
      <leafValues>
        -3.1400942802429199e-01 3.4269353747367859e-01</leafValues></_>
    <_>
      <internalNodes>
        0 -1 448705 -1.3645112048834562e-03</internalNodes>
      <leafValues>
        -8.6288976669311523e-01 1.0236488282680511e-01</leafValues></_>
    <_>
      <internalNodes>
        0 -1 164468 4.8836087808012962e-03</internalNodes>
      <leafValues>
        -1.3369628787040710e-01 7.5377607345581055e-01</leafValues></_>
    <_>
      <internalNodes>
        0 -1 437784 1.0129148140549660e-02</internalNodes>
      <leafValues>
        -3.1725707650184631e-01 3.5218656063079834e-01</leafValues></_>
    <_>
      <internalNodes>
        0 -1 329899 1.6080881468951702e-03</internalNodes>
      <leafValues>
        -3.0542278289794922e-01 3.2315310835838318e-01</leafValues></_>
    <_>
      <internalNodes>
        0 -1 428064 2.4543278850615025e-03</internalNodes>
      <leafValues>
        1.1926083266735077e-01 -8.4813368320465088e-01</leafValues></_></weakClassifiers></stage10>
</opencv_storage>
