<?xml version="1.0"?>
<opencv_storage>
<stage13>
  <maxWeakCount>12</maxWeakCount>
  <stageThreshold>-1.5416244268417358e+00</stageThreshold>
  <weakClassifiers>
    <_>
      <internalNodes>
        0 -1 129556 1.1495254933834076e-01</internalNodes>
      <leafValues>
        -7.5596815347671509e-01 3.6363637447357178e-01</leafValues></_>
    <_>
      <internalNodes>
        0 -1 240765 -3.7987194955348969e-02</internalNodes>
      <leafValues>
        8.9224670082330704e-03 -6.7579841613769531e-01</leafValues></_>
    <_>
      <internalNodes>
        0 -1 447365 -1.8499586731195450e-03</internalNodes>
      <leafValues>
        -8.6902672052383423e-01 5.6459970772266388e-02</leafValues></_>
    <_>
      <internalNodes>
        0 -1 369057 -6.5382162574678659e-04</internalNodes>
      <leafValues>
        4.8794540762901306e-01 -1.7438611388206482e-01</leafValues></_>
    <_>
      <internalNodes>
        0 -1 275484 -1.6915427113417536e-04</internalNodes>
      <leafValues>
        3.4260663390159607e-01 -2.4521021544933319e-01</leafValues></_>
    <_>
      <internalNodes>
        0 -1 435787 -3.3414275385439396e-03</internalNodes>
      <leafValues>
        3.2611322402954102e-01 -2.5673660635948181e-01</leafValues></_>
    <_>
      <internalNodes>
        0 -1 449254 2.1409730834420770e-05</internalNodes>
      <leafValues>
        -2.7363976836204529e-01 3.0541262030601501e-01</leafValues></_>
    <_>
      <internalNodes>
        0 -1 3986 6.4793685451149940e-03</internalNodes>
      <leafValues>
        -3.1999397277832031e-01 3.0952733755111694e-01</leafValues></_>
    <_>
      <internalNodes>
        0 -1 437437 -3.5984895657747984e-04</internalNodes>
      <leafValues>
        4.4259664416313171e-01 -1.8985305726528168e-01</leafValues></_>
    <_>
      <internalNodes>
        0 -1 406049 1.7221303423866630e-03</internalNodes>
      <leafValues>
        1.4362129569053650e-01 -6.7587566375732422e-01</leafValues></_>
    <_>
      <internalNodes>
        0 -1 228256 -1.7654616385698318e-04</internalNodes>
      <leafValues>
        3.3206886053085327e-01 -2.7441102266311646e-01</leafValues></_>
    <_>
      <internalNodes>
        0 -1 348476 -1.0012279963120818e-03</internalNodes>
      <leafValues>
        3.5098242759704590e-01 -2.6767873764038086e-01</leafValues></_></weakClassifiers></stage13>
</opencv_storage>
