<?xml version="1.0"?>
<opencv_storage>
<stage0>
  <maxWeakCount>6</maxWeakCount>
  <stageThreshold>-1.6090574264526367e+00</stageThreshold>
  <weakClassifiers>
    <_>
      <internalNodes>
        0 -1 223668 1.3687458820641041e-02</internalNodes>
      <leafValues>
        -8.9949750900268555e-01 3.0379745364189148e-01</leafValues></_>
    <_>
      <internalNodes>
        0 -1 4011 1.8877668306231499e-02</internalNodes>
      <leafValues>
        -6.5990960597991943e-01 5.8224385976791382e-01</leafValues></_>
    <_>
      <internalNodes>
        0 -1 7545 -1.1926126666367054e-02</internalNodes>
      <leafValues>
        6.3882511854171753e-01 -4.4152861833572388e-01</leafValues></_>
    <_>
      <internalNodes>
        0 -1 371522 -6.2608523876406252e-05</internalNodes>
      <leafValues>
        2.7065175771713257e-01 -9.1732138395309448e-01</leafValues></_>
    <_>
      <internalNodes>
        0 -1 92693 1.9996424671262503e-03</internalNodes>
      <leafValues>
        -5.0527215003967285e-01 5.3596508502960205e-01</leafValues></_>
    <_>
      <internalNodes>
        0 -1 290862 -7.0093497633934021e-03</internalNodes>
      <leafValues>
        8.3816450834274292e-01 -3.0711922049522400e-01</leafValues></_></weakClassifiers></stage0>
</opencv_storage>
