<?xml version="1.0"?>
<opencv_storage>
<stage9>
  <maxWeakCount>11</maxWeakCount>
  <stageThreshold>-1.6812963485717773e+00</stageThreshold>
  <weakClassifiers>
    <_>
      <internalNodes>
        0 -1 476342 -1.3075763359665871e-02</internalNodes>
      <leafValues>
        -3.0000001192092896e-01 -8.0463242530822754e-01</leafValues></_>
    <_>
      <internalNodes>
        0 -1 308972 1.0342642664909363e-02</internalNodes>
      <leafValues>
        -5.1996904611587524e-01 8.7247751653194427e-02</leafValues></_>
    <_>
      <internalNodes>
        0 -1 120097 1.3686224119737744e-03</internalNodes>
      <leafValues>
        -3.9862105250358582e-01 2.0245502889156342e-01</leafValues></_>
    <_>
      <internalNodes>
        0 -1 90405 6.2992116436362267e-03</internalNodes>
      <leafValues>
        -1.7662961781024933e-01 6.1542868614196777e-01</leafValues></_>
    <_>
      <internalNodes>
        0 -1 433176 2.5773253291845322e-03</internalNodes>
      <leafValues>
        1.2604501843452454e-01 -8.8750916719436646e-01</leafValues></_>
    <_>
      <internalNodes>
        0 -1 27602 -1.4833471504971385e-04</internalNodes>
      <leafValues>
        -4.9224036931991577e-01 1.8539497256278992e-01</leafValues></_>
    <_>
      <internalNodes>
        0 -1 221532 3.9322404190897942e-03</internalNodes>
      <leafValues>
        -2.4411749839782715e-01 3.9141750335693359e-01</leafValues></_>
    <_>
      <internalNodes>
        0 -1 506630 1.2008398771286011e-03</internalNodes>
      <leafValues>
        -2.0925790071487427e-01 5.3205490112304688e-01</leafValues></_>
    <_>
      <internalNodes>
        0 -1 334110 -1.6958934720605612e-03</internalNodes>
      <leafValues>
        2.7964448928833008e-01 -4.1162207722663879e-01</leafValues></_>
    <_>
      <internalNodes>
        0 -1 506503 -6.6163780866190791e-04</internalNodes>
      <leafValues>
        4.7343847155570984e-01 -2.2428606450557709e-01</leafValues></_>
    <_>
      <internalNodes>
        0 -1 115666 -8.4651852375827730e-05</internalNodes>
      <leafValues>
        3.4724113345146179e-01 -3.0388921499252319e-01</leafValues></_></weakClassifiers></stage9>
</opencv_storage>
