<?xml version="1.0"?>
<opencv_storage>
<stage11>
  <maxWeakCount>11</maxWeakCount>
  <stageThreshold>-1.4969205856323242e+00</stageThreshold>
  <weakClassifiers>
    <_>
      <internalNodes>
        0 -1 103264 1.0418620891869068e-02</internalNodes>
      <leafValues>
        -7.4825173616409302e-01 1.</leafValues></_>
    <_>
      <internalNodes>
        0 -1 500384 -2.2169148724060506e-04</internalNodes>
      <leafValues>
        1.3655710220336914e-01 -4.5478552579879761e-01</leafValues></_>
    <_>
      <internalNodes>
        0 -1 268004 -3.7170160794630647e-04</internalNodes>
      <leafValues>
        -5.7617712020874023e-01 1.4609099924564362e-01</leafValues></_>
    <_>
      <internalNodes>
        0 -1 472053 -8.5579801816493273e-04</internalNodes>
      <leafValues>
        -8.7948924303054810e-01 8.9162282645702362e-02</leafValues></_>
    <_>
      <internalNodes>
        0 -1 320361 -3.6789944715565071e-05</internalNodes>
      <leafValues>
        1.2005968391895294e-01 -7.4870073795318604e-01</leafValues></_>
    <_>
      <internalNodes>
        0 -1 75968 2.3116797208786011e-02</internalNodes>
      <leafValues>
        -1.6438674926757813e-01 6.6304826736450195e-01</leafValues></_>
    <_>
      <internalNodes>
        0 -1 66745 -3.6785062402486801e-03</internalNodes>
      <leafValues>
        5.2829235792160034e-01 -1.6343942284584045e-01</leafValues></_>
    <_>
      <internalNodes>
        0 -1 31507 1.7976142466068268e-02</internalNodes>
      <leafValues>
        -1.8864072859287262e-01 5.3540062904357910e-01</leafValues></_>
    <_>
      <internalNodes>
        0 -1 507818 4.1162574780173600e-04</internalNodes>
      <leafValues>
        1.5947344899177551e-01 -5.5798518657684326e-01</leafValues></_>
    <_>
      <internalNodes>
        0 -1 365385 1.9352302188053727e-03</internalNodes>
      <leafValues>
        -1.3464699685573578e-01 6.9653761386871338e-01</leafValues></_>
    <_>
      <internalNodes>
        0 -1 211423 2.4596571922302246e-02</internalNodes>
      <leafValues>
        1.1936384439468384e-01 -8.6127960681915283e-01</leafValues></_></weakClassifiers></stage11>
</opencv_storage>
