<?xml version="1.0"?>
<opencv_storage>
<stage1>
  <maxWeakCount>7</maxWeakCount>
  <stageThreshold>-1.4648480415344238e+00</stageThreshold>
  <weakClassifiers>
    <_>
      <internalNodes>
        0 -1 447819 2.8343752026557922e-02</internalNodes>
      <leafValues>
        -8.5866409540176392e-01 3.3333334326744080e-01</leafValues></_>
    <_>
      <internalNodes>
        0 -1 459347 8.2612841652007774e-06</internalNodes>
      <leafValues>
        -6.6996902227401733e-01 3.4717896580696106e-01</leafValues></_>
    <_>
      <internalNodes>
        0 -1 2297 3.6823090165853500e-02</internalNodes>
      <leafValues>
        -4.1408175230026245e-01 6.7873436212539673e-01</leafValues></_>
    <_>
      <internalNodes>
        0 -1 469258 2.3705537387286313e-05</internalNodes>
      <leafValues>
        -5.8428335189819336e-01 4.6744391322135925e-01</leafValues></_>
    <_>
      <internalNodes>
        0 -1 170286 -4.1989050805568695e-03</internalNodes>
      <leafValues>
        7.8374385833740234e-01 -2.9684048891067505e-01</leafValues></_>
    <_>
      <internalNodes>
        0 -1 469400 8.6532505229115486e-03</internalNodes>
      <leafValues>
        -3.2592114806175232e-01 6.6859871149063110e-01</leafValues></_>
    <_>
      <internalNodes>
        0 -1 505548 1.8386683659628034e-03</internalNodes>
      <leafValues>
        -3.2675606012344360e-01 7.0214062929153442e-01</leafValues></_></weakClassifiers></stage1>
</opencv_storage>
